cond,kind,white_point,gamma,chroma_gamma,saturation,isolate,v_lo,v_hi,patch_residual,align_correlation,align_scale,align_dx,align_dy,capture_date,capture_time,geometry_version,flat_field,camera_gain,ok
primaries#1,primaries,,,,,,,,1.98,0.793,0.96,32,-48,2026-08-29,13:12:21,3,bench-eink/reference/flat.png,,True
primaries#2,primaries,,,,,,,,1.88,0.825,0.96,12,-40,2026-08-29,13:13:07,3,bench-eink/reference/flat.png,,True
inkmix,inkmix,,,,,,,,1.91,0.447,1.02,60,-44,2026-08-29,13:13:54,3,bench-eink/reference/flat.png,,True
tonefine_wp0.0_g1.0_k1.0_s1.0,tonefine,0.0,1.0,1.0,1.0,,,,1.98,0.878,0.96,68,-48,2026-08-29,13:14:41,3,bench-eink/reference/flat.png,,True
tonefine_wp0.0_g1.4_k1.0_s1.0,tonefine,0.0,1.4,1.0,1.0,,,,1.92,0.859,0.96,40,-40,2026-08-29,13:15:27,3,bench-eink/reference/flat.png,,True
tonefine_wp0.0_g1.8_k1.0_s1.0,tonefine,0.0,1.8,1.0,1.0,,,,1.95,0.84,0.98,48,-40,2026-08-29,13:16:13,3,bench-eink/reference/flat.png,,True
tonefine_wp0.64_g1.0_k1.0_s1.0,tonefine,0.64,1.0,1.0,1.0,,,,2.03,0.744,0.96,68,-44,2026-08-29,13:17:00,3,bench-eink/reference/flat.png,,True
tonefine_wp0.64_g1.4_k1.0_s1.0,tonefine,0.64,1.4,1.0,1.0,,,,2.0,0.671,0.98,52,-40,2026-08-29,13:17:46,3,bench-eink/reference/flat.png,,True
tonefine_wp0.64_g1.8_k1.0_s1.0,tonefine,0.64,1.8,1.0,1.0,,,,2.04,0.556,0.98,88,-48,2026-08-29,13:18:33,3,bench-eink/reference/flat.png,,True
tonefine_wp0.75_g1.0_k1.0_s1.0,tonefine,0.75,1.0,1.0,1.0,,,,1.97,0.81,0.96,64,-44,2026-08-29,13:19:20,3,bench-eink/reference/flat.png,,True
tonefine_wp0.75_g1.4_k1.0_s1.0,tonefine,0.75,1.4,1.0,1.0,,,,2.06,0.73,0.96,68,-44,2026-08-29,13:20:06,3,bench-eink/reference/flat.png,,True
tonefine_wp0.75_g1.8_k1.0_s1.0,tonefine,0.75,1.8,1.0,1.0,,,,2.04,0.677,0.98,52,-40,2026-08-29,13:20:53,3,bench-eink/reference/flat.png,,True
tonefine_wp0.88_g1.0_k1.0_s1.0,tonefine,0.88,1.0,1.0,1.0,,,,2.0,0.863,0.96,40,-40,2026-08-29,13:21:39,3,bench-eink/reference/flat.png,,True
tonefine_wp0.88_g1.4_k1.0_s1.0,tonefine,0.88,1.4,1.0,1.0,,,,2.0,0.821,0.98,48,-40,2026-08-29,13:22:26,3,bench-eink/reference/flat.png,,True
tonefine_wp0.88_g1.8_k1.0_s1.0,tonefine,0.88,1.8,1.0,1.0,,,,2.08,0.774,0.98,76,-48,2026-08-29,13:23:12,3,bench-eink/reference/flat.png,,True
tonefine_wp0.75_g1.0_k2.0_s1.0,tonefine,0.75,1.0,2.0,1.0,,,,2.05,0.816,0.98,52,-40,2026-08-29,13:23:58,3,bench-eink/reference/flat.png,,True
tonefine_wp0.75_g1.0_k1.0_s0.7,tonefine,0.75,1.0,1.0,0.7,,,,2.07,0.817,0.98,48,-40,2026-08-29,13:24:45,3,bench-eink/reference/flat.png,,True
tonefine_wp0.75_g1.0_k1.0_s1.3,tonefine,0.75,1.0,1.0,1.3,,,,2.05,0.814,0.98,48,-40,2026-08-29,13:25:31,3,bench-eink/reference/flat.png,,True
huevalue_wp0.0_g1.0_k1.0_s1.0,huevalue,0.0,1.0,1.0,1.0,False,40,245,2.09,0.62,0.96,8,-36,2026-08-29,13:26:18,3,bench-eink/reference/flat.png,,True
huevalue_wp0.0_g1.0_k1.5_s1.0,huevalue,0.0,1.0,1.5,1.0,False,40,245,2.07,0.624,0.98,48,-36,2026-08-29,13:27:04,3,bench-eink/reference/flat.png,,True
huevalue_wp0.0_g1.0_k2.0_s1.0,huevalue,0.0,1.0,2.0,1.0,False,40,245,2.12,0.615,0.96,64,-40,2026-08-29,13:27:51,3,bench-eink/reference/flat.png,,True
huevalue_wp0.64_g1.0_k1.0_s1.0,huevalue,0.64,1.0,1.0,1.0,False,40,245,2.11,0.442,0.96,0,-36,2026-08-29,13:28:38,3,bench-eink/reference/flat.png,,True
huevalue_wp0.64_g1.0_k1.5_s1.0,huevalue,0.64,1.0,1.5,1.0,False,40,245,2.03,0.455,0.96,0,-36,2026-08-29,13:29:24,3,bench-eink/reference/flat.png,,True
huevalue_wp0.64_g1.0_k2.0_s1.0,huevalue,0.64,1.0,2.0,1.0,False,40,245,2.12,0.435,0.98,72,-44,2026-08-29,13:30:10,3,bench-eink/reference/flat.png,,True
huevalue_wp0.75_g1.0_k1.0_s1.0,huevalue,0.75,1.0,1.0,1.0,False,40,245,2.09,0.464,0.96,64,-44,2026-08-29,13:30:57,3,bench-eink/reference/flat.png,,True
huevalue_wp0.75_g1.0_k1.5_s1.0,huevalue,0.75,1.0,1.5,1.0,False,40,245,2.07,0.495,0.96,64,-40,2026-08-29,13:31:43,3,bench-eink/reference/flat.png,,True
huevalue_wp0.75_g1.0_k2.0_s1.0,huevalue,0.75,1.0,2.0,1.0,False,40,245,2.03,0.507,0.96,68,-44,2026-08-29,13:32:29,3,bench-eink/reference/flat.png,,True
huevalue_wp0.88_g1.0_k1.0_s1.0,huevalue,0.88,1.0,1.0,1.0,False,40,245,2.07,0.54,0.96,60,-40,2026-08-29,13:33:16,3,bench-eink/reference/flat.png,,True
huevalue_wp0.88_g1.0_k1.5_s1.0,huevalue,0.88,1.0,1.5,1.0,False,40,245,2.02,0.57,0.96,64,-40,2026-08-29,13:34:02,3,bench-eink/reference/flat.png,,True
huevalue_wp0.88_g1.0_k2.0_s1.0,huevalue,0.88,1.0,2.0,1.0,False,40,245,2.05,0.576,0.96,64,-40,2026-08-29,13:34:49,3,bench-eink/reference/flat.png,,True
huevalue_wp0.75_g1.4_k1.0_s1.0,huevalue,0.75,1.4,1.0,1.0,False,40,245,2.01,0.369,0.96,8,-44,2026-08-29,13:35:35,3,bench-eink/reference/flat.png,,True
huevalue_wp0.75_g1.8_k1.0_s1.0,huevalue,0.75,1.8,1.0,1.0,False,40,245,2.0,0.375,0.96,0,72,2026-08-29,13:36:22,3,bench-eink/reference/flat.png,,True
huevalue_wp0.75_g1.0_k1.0_s0.7,huevalue,0.75,1.0,1.0,0.7,False,40,245,1.96,0.517,0.96,0,-36,2026-08-29,13:37:08,3,bench-eink/reference/flat.png,,True
huevalue_wp0.75_g1.0_k1.0_s1.3,huevalue,0.75,1.0,1.0,1.3,False,40,245,6.54,0.469,0.98,-72,-28,2026-08-29,13:37:55,3,bench-eink/reference/flat.png,,True
huevalue_wp0.75_g1.0_k2.0_s1.0_hf0.5,huevalue,0.75,1.0,2.0,1.0,False,40,245,6.74,0.527,0.98,-72,-24,2026-08-29,13:38:42,3,bench-eink/reference/flat.png,,True
huevalue_wp0.75_g1.0_k1.0_s1.0_iso,huevalue,0.75,1.0,1.0,1.0,True,40,245,6.93,0.486,0.98,-72,-24,2026-08-29,13:39:29,3,bench-eink/reference/flat.png,,True
edges_wp0.0_g1.0_k1.0_s1.0,edges,0.0,1.0,1.0,1.0,,,,6.61,0.654,0.96,28,-28,2026-08-29,13:40:15,3,bench-eink/reference/flat.png,,True
edges_wp0.0_g1.8_k1.0_s1.0,edges,0.0,1.8,1.0,1.0,,,,6.97,0.55,0.96,12,-28,2026-08-29,13:41:01,3,bench-eink/reference/flat.png,,True
edges_wp0.75_g1.0_k1.0_s1.0,edges,0.75,1.0,1.0,1.0,,,,6.72,0.566,0.96,24,-28,2026-08-29,13:41:48,3,bench-eink/reference/flat.png,,True
edges_wp0.75_g1.8_k1.0_s1.0,edges,0.75,1.8,1.0,1.0,,,,6.79,0.444,1.04,-60,-28,2026-08-29,13:42:34,3,bench-eink/reference/flat.png,,True
linepairs_wp0.0_g1.0_k1.0_s1.0,linepairs,0.0,1.0,1.0,1.0,,,,6.74,0.448,0.98,-80,-24,2026-08-29,13:43:21,3,bench-eink/reference/flat.png,,True
linepairs_wp0.0_g1.8_k1.0_s1.0,linepairs,0.0,1.8,1.0,1.0,,,,6.52,0.342,0.98,-80,-24,2026-08-29,13:44:08,3,bench-eink/reference/flat.png,,True
linepairs_wp0.75_g1.0_k1.0_s1.0,linepairs,0.75,1.0,1.0,1.0,,,,6.62,0.346,0.98,-80,-24,2026-08-29,13:44:56,3,bench-eink/reference/flat.png,,True
linepairs_wp0.75_g1.8_k1.0_s1.0,linepairs,0.75,1.8,1.0,1.0,,,,6.67,0.346,0.98,-84,-24,2026-08-29,13:45:43,3,bench-eink/reference/flat.png,,True
surround_wp0.0_g1.0_k1.0_s1.0,surround,0.0,1.0,1.0,1.0,,,,6.76,0.574,0.96,-8,-24,2026-08-29,13:46:29,3,bench-eink/reference/flat.png,,True
surround_wp0.75_g1.0_k1.0_s1.0,surround,0.75,1.0,1.0,1.0,,,,6.67,0.523,0.98,-4,-24,2026-08-29,13:47:16,3,bench-eink/reference/flat.png,,True
resample_wp0.75_g1.0_k1.0_s1.0,resample,0.75,1.0,1.0,1.0,,,,6.38,0.267,0.96,-24,-8,2026-08-29,13:48:02,3,bench-eink/reference/flat.png,,True
resample_wp0.0_g1.0_k1.0_s1.0,resample,0.0,1.0,1.0,1.0,,,,6.87,0.335,0.98,-80,-84,2026-08-29,13:48:49,3,bench-eink/reference/flat.png,,True
huevalue_wp0.75_g2.2_k1.5_s1.0,huevalue,0.75,2.2,1.5,1.0,False,40,245,6.39,0.333,1.0,-84,88,2026-08-29,14:04:11,3,bench-eink/reference/flat.png,,True
tonefine_wp0.75_g1.4_k1.5_s1.15,tonefine,0.75,1.4,1.5,1.15,,,,6.79,0.709,0.98,88,-28,2026-08-29,14:04:59,3,bench-eink/reference/flat.png,,True
huevalue_wp0.88_g1.0_k2.0_s0.7,huevalue,0.88,1.0,2.0,0.7,False,40,245,6.64,0.587,0.98,-72,-24,2026-08-29,14:05:47,3,bench-eink/reference/flat.png,,True
huevalue_wp0.88_g1.0_k2.0_s1.3,huevalue,0.88,1.0,2.0,1.3,False,40,245,6.73,0.578,0.98,-72,-24,2026-08-29,14:06:36,3,bench-eink/reference/flat.png,,True
tonefine_wp0.88_g1.8_k2.0_s1.3,tonefine,0.88,1.8,2.0,1.3,,,,6.7,0.752,0.98,88,-28,2026-08-29,14:07:24,3,bench-eink/reference/flat.png,,True
huevalue_wp0.75_g1.4_k1.5_s1.0_rep2,huevalue,0.75,1.4,1.5,1.0,False,40,245,6.68,0.43,0.98,-72,-24,2026-08-29,14:08:12,3,bench-eink/reference/flat.png,,True
huevalue_wp0.64_g1.0_k1.0_s0.7,huevalue,0.64,1.0,1.0,0.7,False,40,245,6.6,0.435,0.98,-76,-24,2026-08-29,14:09:01,3,bench-eink/reference/flat.png,,True
tonefine_wp0.75_g1.4_k1.5_s1.0_rep2,tonefine,0.75,1.4,1.5,1.0,,,,6.81,0.709,0.98,88,-28,2026-08-29,14:09:50,3,bench-eink/reference/flat.png,,True
tonefine_wp0.64_g1.8_k2.0_s1.3,tonefine,0.64,1.8,2.0,1.3,,,,6.77,0.546,0.98,88,-28,2026-08-29,14:10:39,3,bench-eink/reference/flat.png,,True
tonefine_wp0.88_g1.0_k2.0_s0.7,tonefine,0.88,1.0,2.0,0.7,,,,6.57,0.833,0.96,68,-28,2026-08-29,14:11:28,3,bench-eink/reference/flat.png,,True
tonefine_wp0.64_g1.0_k2.0_s1.3,tonefine,0.64,1.0,2.0,1.3,,,,6.8,0.724,0.96,72,-28,2026-08-29,14:12:16,3,bench-eink/reference/flat.png,,True
tonefine_wp0.88_g1.8_k1.0_s1.3,tonefine,0.88,1.8,1.0,1.3,,,,6.65,0.752,0.98,88,-28,2026-08-29,14:13:05,3,bench-eink/reference/flat.png,,True
huevalue_wp0.88_g1.0_k1.0_s1.3,huevalue,0.88,1.0,1.0,1.3,False,40,245,6.9,0.532,0.98,-72,-24,2026-08-29,14:13:53,3,bench-eink/reference/flat.png,,True
tonefine_wp0.75_g2.2_k1.5_s1.0,tonefine,0.75,2.2,1.5,1.0,,,,6.77,0.586,1.0,88,-24,2026-08-29,14:14:42,3,bench-eink/reference/flat.png,,True
huevalue_wp0.75_g1.4_k2.0_s1.0,huevalue,0.75,1.4,2.0,1.0,False,40,245,6.87,0.454,0.98,-76,-24,2026-08-29,14:15:32,3,bench-eink/reference/flat.png,,True
tonefine_wp0.88_g1.0_k1.0_s0.7,tonefine,0.88,1.0,1.0,0.7,,,,7.02,0.832,0.96,68,-28,2026-08-29,14:16:20,3,bench-eink/reference/flat.png,,True
tonefine_wp0.0_g1.4_k1.5_s1.0,tonefine,0.0,1.4,1.5,1.0,,,,6.95,0.835,0.96,68,-28,2026-08-29,14:17:09,3,bench-eink/reference/flat.png,,True
tonefine_wp0.64_g1.8_k1.0_s0.7,tonefine,0.64,1.8,1.0,0.7,,,,6.95,0.531,0.98,88,-28,2026-08-29,14:17:58,3,bench-eink/reference/flat.png,,True
tonefine_wp0.75_g1.8_k1.5_s1.0,tonefine,0.75,1.8,1.5,1.0,,,,6.9,0.649,1.02,88,-24,2026-08-29,14:18:47,3,bench-eink/reference/flat.png,,True
huevalue_wp0.0_g1.4_k1.5_s1.0,huevalue,0.0,1.4,1.5,1.0,False,40,245,6.91,0.56,0.98,-72,-24,2026-08-29,14:19:36,3,bench-eink/reference/flat.png,,True
huevalue_wp0.64_g1.8_k1.0_s0.7,huevalue,0.64,1.8,1.0,0.7,False,40,245,6.93,0.271,1.0,-88,88,2026-08-29,14:20:25,3,bench-eink/reference/flat.png,,True
huevalue_wp0.64_g1.4_k1.5_s1.0,huevalue,0.64,1.4,1.5,1.0,False,40,245,6.83,0.348,1.0,-88,88,2026-08-29,14:21:14,3,bench-eink/reference/flat.png,,True
huevalue_wp0.88_g1.0_k1.0_s0.7,huevalue,0.88,1.0,1.0,0.7,False,40,245,6.76,0.576,0.98,-72,-24,2026-08-29,14:22:03,3,bench-eink/reference/flat.png,,True
tonefine_wp0.88_g1.0_k2.0_s1.3,tonefine,0.88,1.0,2.0,1.3,,,,6.7,0.83,0.96,68,-28,2026-08-29,14:22:51,3,bench-eink/reference/flat.png,,True
tonefine_wp0.88_g1.8_k1.0_s0.7,tonefine,0.88,1.8,1.0,0.7,,,,6.75,0.752,0.98,88,-28,2026-08-29,14:23:39,3,bench-eink/reference/flat.png,,True
tonefine_wp0.64_g1.8_k1.0_s1.3,tonefine,0.64,1.8,1.0,1.3,,,,6.64,0.541,0.98,88,-28,2026-08-29,14:24:29,3,bench-eink/reference/flat.png,,True
tonefine_wp0.75_g1.4_k1.5_s0.85,tonefine,0.75,1.4,1.5,0.85,,,,6.42,0.709,1.02,88,-24,2026-08-29,14:25:19,3,bench-eink/reference/flat.png,,True
tonefine_wp0.64_g1.0_k1.0_s0.7,tonefine,0.64,1.0,1.0,0.7,,,,6.66,0.724,0.96,72,-28,2026-08-29,14:26:08,3,bench-eink/reference/flat.png,,True
tonefine_wp0.88_g1.0_k1.0_s1.3,tonefine,0.88,1.0,1.0,1.3,,,,6.64,0.832,0.96,68,-28,2026-08-29,14:26:57,3,bench-eink/reference/flat.png,,True
huevalue_wp1.0_g1.4_k1.5_s1.0,huevalue,1.0,1.4,1.5,1.0,False,40,245,6.52,0.557,0.98,-72,-24,2026-08-29,14:27:46,3,bench-eink/reference/flat.png,,True
tonefine_wp0.75_g1.4_k1.5_s1.3,tonefine,0.75,1.4,1.5,1.3,,,,6.53,0.71,1.02,88,-24,2026-08-29,14:28:35,3,bench-eink/reference/flat.png,,True
tonefine_wp0.64_g1.0_k1.0_s1.3,tonefine,0.64,1.0,1.0,1.3,,,,6.73,0.724,0.96,72,-28,2026-08-29,14:29:25,3,bench-eink/reference/flat.png,,True
huevalue_wp0.64_g1.0_k2.0_s0.7,huevalue,0.64,1.0,2.0,0.7,False,40,245,6.55,0.466,0.98,-76,-24,2026-08-29,14:30:14,3,bench-eink/reference/flat.png,,True
tonefine_wp0.75_g1.4_k1.5_s1.0_rep1,tonefine,0.75,1.4,1.5,1.0,,,,6.78,0.708,0.98,88,-28,2026-08-29,14:31:03,3,bench-eink/reference/flat.png,,True
huevalue_wp0.75_g1.4_k1.5_s1.15,huevalue,0.75,1.4,1.5,1.15,False,40,245,6.78,0.426,0.98,-72,-24,2026-08-29,14:31:53,3,bench-eink/reference/flat.png,,True
tonefine_wp0.64_g1.8_k2.0_s0.7,tonefine,0.64,1.8,2.0,0.7,,,,6.69,0.529,0.98,88,-28,2026-08-29,14:32:42,3,bench-eink/reference/flat.png,,True
huevalue_wp0.75_g1.4_k1.5_s1.0_rep1,huevalue,0.75,1.4,1.5,1.0,False,40,245,6.7,0.428,0.98,-72,-24,2026-08-29,14:33:32,3,bench-eink/reference/flat.png,,True
tonefine_wp0.75_g1.0_k1.5_s1.0,tonefine,0.75,1.0,1.5,1.0,,,,6.87,0.786,0.96,64,-28,2026-08-29,14:34:21,3,bench-eink/reference/flat.png,,True
huevalue_wp0.88_g1.8_k2.0_s1.3,huevalue,0.88,1.8,2.0,1.3,False,40,245,7.0,0.46,0.98,-72,-24,2026-08-29,14:35:10,3,bench-eink/reference/flat.png,,True
huevalue_wp0.75_g1.4_k1.5_s1.0_rep3,huevalue,0.75,1.4,1.5,1.0,False,40,245,6.86,0.43,0.98,-72,-24,2026-08-29,14:35:59,3,bench-eink/reference/flat.png,,True
huevalue_wp0.88_g1.4_k1.5_s1.0,huevalue,0.88,1.4,1.5,1.0,False,40,245,6.67,0.506,0.98,-72,-24,2026-08-29,14:36:49,3,bench-eink/reference/flat.png,,True
huevalue_wp0.64_g1.8_k2.0_s1.3,huevalue,0.64,1.8,2.0,1.3,False,40,245,6.57,0.277,1.0,-88,88,2026-08-29,14:37:38,3,bench-eink/reference/flat.png,,True
huevalue_wp0.64_g1.0_k2.0_s1.3,huevalue,0.64,1.0,2.0,1.3,False,40,245,6.45,0.458,0.98,-76,-24,2026-08-29,14:38:28,3,bench-eink/reference/flat.png,,True
tonefine_wp0.75_g1.4_k1.5_s1.0_rep3,tonefine,0.75,1.4,1.5,1.0,,,,6.32,0.707,1.02,88,-24,2026-08-29,14:39:17,3,bench-eink/reference/flat.png,,True
tonefine_wp0.64_g1.0_k2.0_s0.7,tonefine,0.64,1.0,2.0,0.7,,,,6.35,0.724,0.96,64,-28,2026-08-29,14:40:07,3,bench-eink/reference/flat.png,,True
huevalue_wp0.75_g1.4_k1.5_s1.0,huevalue,0.75,1.4,1.5,1.0,False,40,245,6.14,0.421,0.98,-72,-24,2026-08-29,14:40:56,3,bench-eink/reference/flat.png,,True
tonefine_wp0.75_g1.4_k2.0_s1.0,tonefine,0.75,1.4,2.0,1.0,,,,6.17,0.709,1.02,88,-24,2026-08-29,14:41:46,3,bench-eink/reference/flat.png,,True
tonefine_wp0.88_g1.8_k2.0_s0.7,tonefine,0.88,1.8,2.0,0.7,,,,6.12,0.751,0.98,88,-28,2026-08-29,14:42:35,3,bench-eink/reference/flat.png,,True
huevalue_wp0.75_g1.4_k1.5_s1.3,huevalue,0.75,1.4,1.5,1.3,False,40,245,5.93,0.41,0.98,-72,-28,2026-08-29,14:43:25,3,bench-eink/reference/flat.png,,True
tonefine_wp0.75_g1.4_k1.5_s0.7,tonefine,0.75,1.4,1.5,0.7,,,,5.95,0.708,1.02,88,-24,2026-08-29,14:44:14,3,bench-eink/reference/flat.png,,True
huevalue_wp0.75_g1.8_k1.5_s1.0,huevalue,0.75,1.8,1.5,1.0,False,40,245,6.1,0.354,0.98,-76,-24,2026-08-29,14:45:03,3,bench-eink/reference/flat.png,,True
huevalue_wp0.88_g1.8_k1.0_s1.3,huevalue,0.88,1.8,1.0,1.3,False,40,245,5.98,0.405,0.98,-72,-24,2026-08-29,14:45:53,3,bench-eink/reference/flat.png,,True
huevalue_wp0.88_g1.8_k1.0_s0.7,huevalue,0.88,1.8,1.0,0.7,False,40,245,6.04,0.415,0.98,-72,-24,2026-08-29,14:46:42,3,bench-eink/reference/flat.png,,True
tonefine_wp0.64_g1.4_k1.5_s1.0,tonefine,0.64,1.4,1.5,1.0,,,,6.11,0.649,0.98,88,-28,2026-08-29,14:47:31,3,bench-eink/reference/flat.png,,True
huevalue_wp0.64_g1.0_k1.0_s1.3,huevalue,0.64,1.0,1.0,1.3,False,40,245,6.25,0.404,0.98,-76,-28,2026-08-29,14:48:21,3,bench-eink/reference/flat.png,,True
huevalue_wp0.64_g1.8_k1.0_s1.3,huevalue,0.64,1.8,1.0,1.3,False,40,245,6.25,0.256,1.0,-88,88,2026-08-29,14:49:10,3,bench-eink/reference/flat.png,,True
tonefine_wp0.75_g1.4_k2.5_s1.0,tonefine,0.75,1.4,2.5,1.0,,,,6.36,0.707,1.02,88,-24,2026-08-29,14:50:00,3,bench-eink/reference/flat.png,,True
tonefine_wp0.88_g1.4_k1.5_s1.0,tonefine,0.88,1.4,1.5,1.0,,,,6.55,0.79,0.96,68,-28,2026-08-29,14:50:49,3,bench-eink/reference/flat.png,,True
tonefine_wp0.75_g1.4_k1.5_s1.0,tonefine,0.75,1.4,1.5,1.0,,,,6.57,0.707,1.02,88,-24,2026-08-29,14:51:39,3,bench-eink/reference/flat.png,,True
tonefine_wp1.0_g1.4_k1.5_s1.0,tonefine,1.0,1.4,1.5,1.0,,,,6.58,0.832,0.96,68,-28,2026-08-29,14:52:29,3,bench-eink/reference/flat.png,,True
huevalue_wp0.75_g1.4_k2.5_s1.0,huevalue,0.75,1.4,2.5,1.0,False,40,245,6.48,0.456,0.98,-72,-24,2026-08-29,14:53:18,3,bench-eink/reference/flat.png,,True
huevalue_wp0.75_g1.4_k1.5_s0.7,huevalue,0.75,1.4,1.5,0.7,False,40,245,6.6,0.434,0.98,-76,-24,2026-08-29,14:54:08,3,bench-eink/reference/flat.png,,True
huevalue_wp0.88_g1.8_k2.0_s0.7,huevalue,0.88,1.8,2.0,0.7,False,40,245,6.45,0.475,0.98,-72,-24,2026-08-29,14:54:57,3,bench-eink/reference/flat.png,,True
huevalue_wp0.75_g1.4_k1.5_s0.85,huevalue,0.75,1.4,1.5,0.85,False,40,245,6.52,0.428,0.98,-76,-24,2026-08-29,14:55:46,3,bench-eink/reference/flat.png,,True
huevalue_wp0.64_g1.8_k2.0_s0.7,huevalue,0.64,1.8,2.0,0.7,False,40,245,6.19,0.272,1.0,-88,88,2026-08-29,14:56:43,3,bench-eink/reference/flat.png,,True
uniformity@0,uniformity,,,,,,,,2.18,0.578,0.96,20,-44,2026-08-29,15:20:27,3,flat_close.png,,True
uniformity@180,uniformity,,,,,,,,17.99,0.239,0.96,60,-16,2026-08-29,15:22:12,3,flat_close.png,,True
huevalue_lowv_wp0.0_g1.0,huevalue,0.0,1.0,1.0,1.0,False,20,100,4.97,0.591,0.96,64,-28,2026-08-29,15:44:06,3,flat_final.png,255,True
huevalue_lowv_wp0.64_g1.0,huevalue,0.64,1.0,1.0,1.0,False,20,100,4.97,0.43,0.96,88,80,2026-08-29,15:44:55,3,flat_final.png,255,True
huevalue_lowv_wp0.75_g1.0,huevalue,0.75,1.0,1.0,1.0,False,20,100,5.06,0.482,0.96,84,-28,2026-08-29,15:45:44,3,flat_final.png,255,True
huevalue_lowv_wp0.88_g1.0,huevalue,0.88,1.0,1.0,1.0,False,20,100,5.02,0.554,0.96,68,-28,2026-08-29,15:47:05,3,flat_final.png,255,True
