cond,white_point,gamma,chroma_gamma,saturation,period_px,orientation,contrast_in,modulation_out,retained
linepairs_wp0.0_g1.0_k1.0_s1.0,0.0,1.0,1.0,1.0,8,h,80,0.55,0.006
linepairs_wp0.0_g1.0_k1.0_s1.0,0.0,1.0,1.0,1.0,12,h,80,14.99,0.166
linepairs_wp0.0_g1.0_k1.0_s1.0,0.0,1.0,1.0,1.0,16,h,80,36.2,0.401
linepairs_wp0.0_g1.0_k1.0_s1.0,0.0,1.0,1.0,1.0,24,h,80,52.7,0.583
linepairs_wp0.0_g1.0_k1.0_s1.0,0.0,1.0,1.0,1.0,32,h,80,73.43,0.813
linepairs_wp0.0_g1.0_k1.0_s1.0,0.0,1.0,1.0,1.0,48,h,80,90.37,1.0
linepairs_wp0.0_g1.0_k1.0_s1.0,0.0,1.0,1.0,1.0,8,v,80,0.0,0.0
linepairs_wp0.0_g1.0_k1.0_s1.0,0.0,1.0,1.0,1.0,12,v,80,4.45,0.058
linepairs_wp0.0_g1.0_k1.0_s1.0,0.0,1.0,1.0,1.0,16,v,80,44.84,0.587
linepairs_wp0.0_g1.0_k1.0_s1.0,0.0,1.0,1.0,1.0,24,v,80,67.94,0.889
linepairs_wp0.0_g1.0_k1.0_s1.0,0.0,1.0,1.0,1.0,32,v,80,76.42,1.0
linepairs_wp0.0_g1.0_k1.0_s1.0,0.0,1.0,1.0,1.0,48,v,80,74.16,0.97
linepairs_wp0.0_g1.0_k1.0_s1.0,0.0,1.0,1.0,1.0,8,d,80,0.0,0.0
linepairs_wp0.0_g1.0_k1.0_s1.0,0.0,1.0,1.0,1.0,12,d,80,15.0,0.162
linepairs_wp0.0_g1.0_k1.0_s1.0,0.0,1.0,1.0,1.0,16,d,80,35.27,0.381
linepairs_wp0.0_g1.0_k1.0_s1.0,0.0,1.0,1.0,1.0,24,d,80,60.33,0.651
linepairs_wp0.0_g1.0_k1.0_s1.0,0.0,1.0,1.0,1.0,32,d,80,67.67,0.73
linepairs_wp0.0_g1.0_k1.0_s1.0,0.0,1.0,1.0,1.0,48,d,80,92.67,1.0
linepairs_wp0.0_g1.0_k1.0_s1.0,0.0,1.0,1.0,1.0,8,h,180,0.39,0.002
linepairs_wp0.0_g1.0_k1.0_s1.0,0.0,1.0,1.0,1.0,12,h,180,51.61,0.274
linepairs_wp0.0_g1.0_k1.0_s1.0,0.0,1.0,1.0,1.0,16,h,180,86.45,0.459
linepairs_wp0.0_g1.0_k1.0_s1.0,0.0,1.0,1.0,1.0,24,h,180,109.0,0.578
linepairs_wp0.0_g1.0_k1.0_s1.0,0.0,1.0,1.0,1.0,32,h,180,116.78,0.619
linepairs_wp0.0_g1.0_k1.0_s1.0,0.0,1.0,1.0,1.0,48,h,180,188.52,1.0
linepairs_wp0.0_g1.0_k1.0_s1.0,0.0,1.0,1.0,1.0,8,v,180,4.0,0.02
linepairs_wp0.0_g1.0_k1.0_s1.0,0.0,1.0,1.0,1.0,12,v,180,49.76,0.252
linepairs_wp0.0_g1.0_k1.0_s1.0,0.0,1.0,1.0,1.0,16,v,180,113.54,0.574
linepairs_wp0.0_g1.0_k1.0_s1.0,0.0,1.0,1.0,1.0,24,v,180,185.05,0.935
linepairs_wp0.0_g1.0_k1.0_s1.0,0.0,1.0,1.0,1.0,32,v,180,127.26,0.643
linepairs_wp0.0_g1.0_k1.0_s1.0,0.0,1.0,1.0,1.0,48,v,180,197.81,1.0
linepairs_wp0.0_g1.0_k1.0_s1.0,0.0,1.0,1.0,1.0,8,d,180,56.67,0.304
linepairs_wp0.0_g1.0_k1.0_s1.0,0.0,1.0,1.0,1.0,12,d,180,72.67,0.39
linepairs_wp0.0_g1.0_k1.0_s1.0,0.0,1.0,1.0,1.0,16,d,180,117.93,0.633
linepairs_wp0.0_g1.0_k1.0_s1.0,0.0,1.0,1.0,1.0,24,d,180,130.33,0.699
linepairs_wp0.0_g1.0_k1.0_s1.0,0.0,1.0,1.0,1.0,32,d,180,161.67,0.868
linepairs_wp0.0_g1.0_k1.0_s1.0,0.0,1.0,1.0,1.0,48,d,180,186.33,1.0
linepairs_wp0.0_g1.8_k1.0_s1.0,0.0,1.8,1.0,1.0,8,h,80,17.32,0.08
linepairs_wp0.0_g1.8_k1.0_s1.0,0.0,1.8,1.0,1.0,12,h,80,34.77,0.161
linepairs_wp0.0_g1.8_k1.0_s1.0,0.0,1.8,1.0,1.0,16,h,80,75.05,0.347
linepairs_wp0.0_g1.8_k1.0_s1.0,0.0,1.8,1.0,1.0,24,h,80,119.48,0.553
linepairs_wp0.0_g1.8_k1.0_s1.0,0.0,1.8,1.0,1.0,32,h,80,152.96,0.708
linepairs_wp0.0_g1.8_k1.0_s1.0,0.0,1.8,1.0,1.0,48,h,80,216.02,1.0
linepairs_wp0.0_g1.8_k1.0_s1.0,0.0,1.8,1.0,1.0,8,v,80,0.1,0.001
linepairs_wp0.0_g1.8_k1.0_s1.0,0.0,1.8,1.0,1.0,12,v,80,5.57,0.029
linepairs_wp0.0_g1.8_k1.0_s1.0,0.0,1.8,1.0,1.0,16,v,80,111.06,0.574
linepairs_wp0.0_g1.8_k1.0_s1.0,0.0,1.8,1.0,1.0,24,v,80,164.79,0.852
linepairs_wp0.0_g1.8_k1.0_s1.0,0.0,1.8,1.0,1.0,32,v,80,161.6,0.835
linepairs_wp0.0_g1.8_k1.0_s1.0,0.0,1.8,1.0,1.0,48,v,80,193.52,1.0
linepairs_wp0.0_g1.8_k1.0_s1.0,0.0,1.8,1.0,1.0,8,d,80,0.33,0.002
linepairs_wp0.0_g1.8_k1.0_s1.0,0.0,1.8,1.0,1.0,12,d,80,55.67,0.299
linepairs_wp0.0_g1.8_k1.0_s1.0,0.0,1.8,1.0,1.0,16,d,80,80.93,0.435
linepairs_wp0.0_g1.8_k1.0_s1.0,0.0,1.8,1.0,1.0,24,d,80,115.0,0.618
linepairs_wp0.0_g1.8_k1.0_s1.0,0.0,1.8,1.0,1.0,32,d,80,123.33,0.663
linepairs_wp0.0_g1.8_k1.0_s1.0,0.0,1.8,1.0,1.0,48,d,80,186.0,1.0
linepairs_wp0.0_g1.8_k1.0_s1.0,0.0,1.8,1.0,1.0,8,h,180,0.7,0.003
linepairs_wp0.0_g1.8_k1.0_s1.0,0.0,1.8,1.0,1.0,12,h,180,72.0,0.313
linepairs_wp0.0_g1.8_k1.0_s1.0,0.0,1.8,1.0,1.0,16,h,180,107.09,0.465
linepairs_wp0.0_g1.8_k1.0_s1.0,0.0,1.8,1.0,1.0,24,h,180,136.2,0.592
linepairs_wp0.0_g1.8_k1.0_s1.0,0.0,1.8,1.0,1.0,32,h,180,151.08,0.656
linepairs_wp0.0_g1.8_k1.0_s1.0,0.0,1.8,1.0,1.0,48,h,180,230.16,1.0
linepairs_wp0.0_g1.8_k1.0_s1.0,0.0,1.8,1.0,1.0,8,v,180,8.56,0.036
linepairs_wp0.0_g1.8_k1.0_s1.0,0.0,1.8,1.0,1.0,12,v,180,68.29,0.286
linepairs_wp0.0_g1.8_k1.0_s1.0,0.0,1.8,1.0,1.0,16,v,180,144.26,0.604
linepairs_wp0.0_g1.8_k1.0_s1.0,0.0,1.8,1.0,1.0,24,v,180,233.28,0.976
linepairs_wp0.0_g1.8_k1.0_s1.0,0.0,1.8,1.0,1.0,32,v,180,155.5,0.651
linepairs_wp0.0_g1.8_k1.0_s1.0,0.0,1.8,1.0,1.0,48,v,180,238.9,1.0
linepairs_wp0.0_g1.8_k1.0_s1.0,0.0,1.8,1.0,1.0,8,d,180,91.0,0.395
linepairs_wp0.0_g1.8_k1.0_s1.0,0.0,1.8,1.0,1.0,12,d,180,90.67,0.394
linepairs_wp0.0_g1.8_k1.0_s1.0,0.0,1.8,1.0,1.0,16,d,180,165.33,0.718
linepairs_wp0.0_g1.8_k1.0_s1.0,0.0,1.8,1.0,1.0,24,d,180,165.0,0.716
linepairs_wp0.0_g1.8_k1.0_s1.0,0.0,1.8,1.0,1.0,32,d,180,200.67,0.871
linepairs_wp0.0_g1.8_k1.0_s1.0,0.0,1.8,1.0,1.0,48,d,180,230.33,1.0
linepairs_wp0.75_g1.0_k1.0_s1.0,0.75,1.0,1.0,1.0,8,h,80,9.75,0.061
linepairs_wp0.75_g1.0_k1.0_s1.0,0.75,1.0,1.0,1.0,12,h,80,27.03,0.17
linepairs_wp0.75_g1.0_k1.0_s1.0,0.75,1.0,1.0,1.0,16,h,80,59.06,0.372
linepairs_wp0.75_g1.0_k1.0_s1.0,0.75,1.0,1.0,1.0,24,h,80,94.84,0.597
linepairs_wp0.75_g1.0_k1.0_s1.0,0.75,1.0,1.0,1.0,32,h,80,116.12,0.731
linepairs_wp0.75_g1.0_k1.0_s1.0,0.75,1.0,1.0,1.0,48,h,80,158.85,1.0
linepairs_wp0.75_g1.0_k1.0_s1.0,0.75,1.0,1.0,1.0,8,v,80,0.04,0.0
linepairs_wp0.75_g1.0_k1.0_s1.0,0.75,1.0,1.0,1.0,12,v,80,3.54,0.024
linepairs_wp0.75_g1.0_k1.0_s1.0,0.75,1.0,1.0,1.0,16,v,80,88.62,0.598
linepairs_wp0.75_g1.0_k1.0_s1.0,0.75,1.0,1.0,1.0,24,v,80,133.82,0.903
linepairs_wp0.75_g1.0_k1.0_s1.0,0.75,1.0,1.0,1.0,32,v,80,126.12,0.851
linepairs_wp0.75_g1.0_k1.0_s1.0,0.75,1.0,1.0,1.0,48,v,80,148.14,1.0
linepairs_wp0.75_g1.0_k1.0_s1.0,0.75,1.0,1.0,1.0,8,d,80,0.33,0.002
linepairs_wp0.75_g1.0_k1.0_s1.0,0.75,1.0,1.0,1.0,12,d,80,43.33,0.307
linepairs_wp0.75_g1.0_k1.0_s1.0,0.75,1.0,1.0,1.0,16,d,80,69.33,0.491
linepairs_wp0.75_g1.0_k1.0_s1.0,0.75,1.0,1.0,1.0,24,d,80,98.33,0.696
linepairs_wp0.75_g1.0_k1.0_s1.0,0.75,1.0,1.0,1.0,32,d,80,101.0,0.715
linepairs_wp0.75_g1.0_k1.0_s1.0,0.75,1.0,1.0,1.0,48,d,80,141.33,1.0
linepairs_wp0.75_g1.0_k1.0_s1.0,0.75,1.0,1.0,1.0,8,h,180,0.68,0.003
linepairs_wp0.75_g1.0_k1.0_s1.0,0.75,1.0,1.0,1.0,12,h,180,56.56,0.265
linepairs_wp0.75_g1.0_k1.0_s1.0,0.75,1.0,1.0,1.0,16,h,180,101.89,0.477
linepairs_wp0.75_g1.0_k1.0_s1.0,0.75,1.0,1.0,1.0,24,h,180,119.35,0.559
linepairs_wp0.75_g1.0_k1.0_s1.0,0.75,1.0,1.0,1.0,32,h,180,137.94,0.646
linepairs_wp0.75_g1.0_k1.0_s1.0,0.75,1.0,1.0,1.0,48,h,180,213.49,1.0
linepairs_wp0.75_g1.0_k1.0_s1.0,0.75,1.0,1.0,1.0,8,v,180,4.1,0.018
linepairs_wp0.75_g1.0_k1.0_s1.0,0.75,1.0,1.0,1.0,12,v,180,52.33,0.232
linepairs_wp0.75_g1.0_k1.0_s1.0,0.75,1.0,1.0,1.0,16,v,180,128.94,0.572
linepairs_wp0.75_g1.0_k1.0_s1.0,0.75,1.0,1.0,1.0,24,v,180,215.13,0.955
linepairs_wp0.75_g1.0_k1.0_s1.0,0.75,1.0,1.0,1.0,32,v,180,139.51,0.619
linepairs_wp0.75_g1.0_k1.0_s1.0,0.75,1.0,1.0,1.0,48,v,180,225.24,1.0
linepairs_wp0.75_g1.0_k1.0_s1.0,0.75,1.0,1.0,1.0,8,d,180,66.67,0.319
linepairs_wp0.75_g1.0_k1.0_s1.0,0.75,1.0,1.0,1.0,12,d,180,65.67,0.314
linepairs_wp0.75_g1.0_k1.0_s1.0,0.75,1.0,1.0,1.0,16,d,180,131.33,0.629
linepairs_wp0.75_g1.0_k1.0_s1.0,0.75,1.0,1.0,1.0,24,d,180,142.0,0.68
linepairs_wp0.75_g1.0_k1.0_s1.0,0.75,1.0,1.0,1.0,32,d,180,176.0,0.842
linepairs_wp0.75_g1.0_k1.0_s1.0,0.75,1.0,1.0,1.0,48,d,180,208.93,1.0
linepairs_wp0.75_g1.8_k1.0_s1.0,0.75,1.8,1.0,1.0,8,h,80,14.23,0.185
linepairs_wp0.75_g1.8_k1.0_s1.0,0.75,1.8,1.0,1.0,12,h,80,14.5,0.188
linepairs_wp0.75_g1.8_k1.0_s1.0,0.75,1.8,1.0,1.0,16,h,80,21.65,0.281
linepairs_wp0.75_g1.8_k1.0_s1.0,0.75,1.8,1.0,1.0,24,h,80,36.68,0.476
linepairs_wp0.75_g1.8_k1.0_s1.0,0.75,1.8,1.0,1.0,32,h,80,67.17,0.871
linepairs_wp0.75_g1.8_k1.0_s1.0,0.75,1.8,1.0,1.0,48,h,80,77.09,1.0
linepairs_wp0.75_g1.8_k1.0_s1.0,0.75,1.8,1.0,1.0,8,v,80,0.28,0.003
linepairs_wp0.75_g1.8_k1.0_s1.0,0.75,1.8,1.0,1.0,12,v,80,66.81,0.638
linepairs_wp0.75_g1.8_k1.0_s1.0,0.75,1.8,1.0,1.0,16,v,80,104.68,1.0
linepairs_wp0.75_g1.8_k1.0_s1.0,0.75,1.8,1.0,1.0,24,v,80,101.92,0.974
linepairs_wp0.75_g1.8_k1.0_s1.0,0.75,1.8,1.0,1.0,32,v,80,71.57,0.684
linepairs_wp0.75_g1.8_k1.0_s1.0,0.75,1.8,1.0,1.0,48,v,80,84.16,0.804
linepairs_wp0.75_g1.8_k1.0_s1.0,0.75,1.8,1.0,1.0,8,d,80,1.33,0.015
linepairs_wp0.75_g1.8_k1.0_s1.0,0.75,1.8,1.0,1.0,12,d,80,82.6,0.916
linepairs_wp0.75_g1.8_k1.0_s1.0,0.75,1.8,1.0,1.0,16,d,80,90.2,1.0
linepairs_wp0.75_g1.8_k1.0_s1.0,0.75,1.8,1.0,1.0,24,d,80,74.57,0.827
linepairs_wp0.75_g1.8_k1.0_s1.0,0.75,1.8,1.0,1.0,32,d,80,47.67,0.528
linepairs_wp0.75_g1.8_k1.0_s1.0,0.75,1.8,1.0,1.0,48,d,80,87.67,0.972
linepairs_wp0.75_g1.8_k1.0_s1.0,0.75,1.8,1.0,1.0,8,h,180,3.19,0.016
linepairs_wp0.75_g1.8_k1.0_s1.0,0.75,1.8,1.0,1.0,12,h,180,56.24,0.289
linepairs_wp0.75_g1.8_k1.0_s1.0,0.75,1.8,1.0,1.0,16,h,180,103.27,0.531
linepairs_wp0.75_g1.8_k1.0_s1.0,0.75,1.8,1.0,1.0,24,h,180,121.23,0.624
linepairs_wp0.75_g1.8_k1.0_s1.0,0.75,1.8,1.0,1.0,32,h,180,122.81,0.632
linepairs_wp0.75_g1.8_k1.0_s1.0,0.75,1.8,1.0,1.0,48,h,180,194.37,1.0
linepairs_wp0.75_g1.8_k1.0_s1.0,0.75,1.8,1.0,1.0,8,v,180,130.6,0.643
linepairs_wp0.75_g1.8_k1.0_s1.0,0.75,1.8,1.0,1.0,12,v,180,77.71,0.383
linepairs_wp0.75_g1.8_k1.0_s1.0,0.75,1.8,1.0,1.0,16,v,180,145.44,0.717
linepairs_wp0.75_g1.8_k1.0_s1.0,0.75,1.8,1.0,1.0,24,v,180,202.97,1.0
linepairs_wp0.75_g1.8_k1.0_s1.0,0.75,1.8,1.0,1.0,32,v,180,130.39,0.642
linepairs_wp0.75_g1.8_k1.0_s1.0,0.75,1.8,1.0,1.0,48,v,180,195.23,0.962
linepairs_wp0.75_g1.8_k1.0_s1.0,0.75,1.8,1.0,1.0,8,d,180,138.57,0.756
linepairs_wp0.75_g1.8_k1.0_s1.0,0.75,1.8,1.0,1.0,12,d,180,84.27,0.46
linepairs_wp0.75_g1.8_k1.0_s1.0,0.75,1.8,1.0,1.0,16,d,180,164.93,0.9
linepairs_wp0.75_g1.8_k1.0_s1.0,0.75,1.8,1.0,1.0,24,d,180,140.67,0.767
linepairs_wp0.75_g1.8_k1.0_s1.0,0.75,1.8,1.0,1.0,32,d,180,147.67,0.805
linepairs_wp0.75_g1.8_k1.0_s1.0,0.75,1.8,1.0,1.0,48,d,180,183.33,1.0
